{"svm": {"roc_auc": 0.9978752072968491, "accuracy": 0.9567430025445293, "f1_score": 0.9573934837092731, "Recall": 0.9947916666666666, "Precison": 0.9227053140096618, "SE": 0.9947916666666666, "SP": 0.9203980099502488, "PPV": 0.9227053140096618, "cohen_kappa": 0.913591743297249, "mcc": 0.9162586989140918, "data_info": {"train_count": 1179, "test_count": 393}}}